Code_commune;Nom_Commune;Niveau_de_vie_Commune;Niveau_de_vie_Département;Code_Departement;population_2017;Total_licenciés
93014;Clichy-sous-Bois;12 867;17 192;93;29348;2935
91286;Grigny;12 934;23 142;91;28737;6056
93027;La Courneuve;13 301;17 192;93;43054;4074
93001;Aubervilliers;13 354;17 192;93;86375;8117
95268;Garges-lès-Gonesse;13 434;21 296;95;42728;3692
93008;Bobigny;14 113;17 192;93;53640;5696
95680;Villiers-le-Bel;14 213;21 296;95;27676;3484
93059;Pierrefitte-sur-Seine;14 383;17 192;93;30306;2774
93072;Stains;14 454;17 192;93;38720;3700
93066;Saint-Denis;14 481;17 192;93;111135;11464
95585;Sarcelles;14 643;21 296;95;58587;7326
93079;Villetaneuse;14 762;17 192;93;13646;1101
77305;Montereau-Fault-Yonne;14 986;22 056;77;20206;2484
93039;L'Île-Saint-Denis;15 146;17 192;93;7981;897
78361;Mantes-la-Jolie;15 379;26 305;78;44299;6246
94078;Villeneuve-Saint-Georges;15 397;22 314;94;33545;4895
93031;Épinay-sur-Seine;15 515;17 192;93;55084;4609
93055;Pantin;15 539;17 192;93;57482;5667
93007;Le Blanc-Mesnil;15 753;17 192;93;56783;7064
93030;Dugny;15 757;17 192;93;10732;1389
93071;Sevran;15 950;17 192;93;51016;5365
93010;Bondy;15 970;17 192;93;53353;7852
93006;Bagnolet;16 011;17 192;93;35674;5877
94074;Valenton;16 025;22 314;94;14796;1724
93053;Noisy-le-Sec;16 083;17 192;93;44136;6236
78621;Trappes;16 100;26 305;78;32584;5286
78440;Les Mureaux;16 135;26 305;78;32792;7386
92036;Gennevilliers;16 288;26 919;92;46907;6304
95280;Goussainville;16 322;21 296;95;30637;5174
95280;Goussainville;16 322;21 296;95;30637;1451
93070;Saint-Ouen;16 382;17 192;93;51108;6992
93013;Le Bourget;16 445;17 192;93;16594;1859
91228;Évry;16 500;23 142;91;67967;10915
93029;Drancy;16 581;17 192;93;71318;9501
92078;Villeneuve-la-Garenne;16 632;26 919;92;23771;3256
78644;La Verrière;16 655;26 305;78;6715;785
95277;Gonesse;16 681;21 296;95;25999;3594
93005;Aulnay-sous-Bois;16 938;17 192;93;85740;11408
93063;Romainville;16 970;17 192;93;27567;4978
91174;Corbeil-Essonnes;17 048;23 142;91;51292;8068
77379;Provins;17 071;22 056;77;11844;2172
77182;La Ferté-Gaucher;17 097;22 056;77;4860;715
91215;Épinay-sous-Sénart;17 200;23 142;91;12446;2456
78138;Chanteloup-les-Vignes;17 274;26 305;78;10374;2309
77333;Nemours;17 283;22 056;77;13081;2054
77257;Lizy-sur-Ourcq;17 340;22 056;77;3566;579
94041;Ivry-sur-Seine;17 385;22 314;94;62052;10507
94011;Bonneuil-sur-Marne;17 397;22 314;94;17950;2470
77288;Melun;17 439;22 056;77;40032;7929
95487;Persan;17 526;21 296;95;12695;3376
94054;Orly;17 547;22 314;94;23801;4119
95018;Argenteuil;17 555;21 296;95;110210;14758
77284;Meaux;17 599;22 056;77;54991;7973
77285;Le Mée-sur-Seine;17 643;22 056;77;20816;3645
93048;Montreuil;17 651;17 192;93;109897;16549
93078;Villepinte;17 790;17 192;93;36830;5928
91692;Les Ulis;17 807;23 142;91;25208;4609
94081;Vitry-sur-Seine;17 830;22 314;94;93557;15509
91223;Étampes;18 028;23 142;91;25092;4428
92007;Bagneux;18 028;26 919;92;40918;5781
77327;Nangis;18 049;22 056;77;8710;1576
92024;Clichy;18 112;26 919;92;61070;11469
93061;Le Pré-Saint-Gervais;18 148;17 192;93;17950;2243
77016;Bagneaux-sur-Loing;18 191;22 056;77;1666;235
78335;Limay;18 338;26 305;78;16820;2961
93047;Montfermeil;18 362;17 192;93;26783;3599
95127;Cergy;18 411;21 296;95;65177;10708
77051;Bray-sur-Seine;18 456;22 056;77;2243;410
77131;Coulommiers;18 480;22 056;77;14838;2636
95063;Bezons;18 504;21 296;95;29383;4183
77337;Noisiel;18 506;22 056;77;15230;2484
77152;Dammarie-les-Lys;18 507;22 056;77;21835;3482
77137;Courtacon;18 589;22 056;77;242;32
75119;Paris 19e Arrondissement;18 609;27 171;75;187015;17870
78362;Mantes-la-Ville;18 676;26 305;78;20452;3636
77008;Armentières-en-Brie;18 735;22 056;77;1242;176
94028;Créteil;18 742;22 314;94;90605;12135
77260;Longueville;18 759;22 056;77;1796;163
77458;Souppes-sur-Loing;18 772;22 056;77;5390;588
91521;Ris-Orangis;18 793;23 142;91;29225;4677
92050;Nanterre;18 866;26 919;92;95105;12400
95427;Montmagny;18 870;21 296;95;14173;2509
91235;Fleury-Mérogis;18 923;23 142;91;12673;2009
94017;Champigny-sur-Marne;18 923;22 314;94;77630;12094
95019;Arnouville;18 970;21 296;95;14227;1850
77468;Torcy;18 971;22 056;77;22568;3909
77187;Fontaine-Fourches;18 983;22 056;77;602;62
94022;Choisy-le-Roi;19 078;22 314;94;45331;7617
95572;Saint-Ouen-l'Aumône;19 084;21 296;95;23741;4066
77303;Montdauphin;19 108;22 056;77;246;16
95500;Pontoise;19 116;21 296;95;30767;5514
95541;Saint-Clair-sur-Epte;19 140;21 296;95;996;92
77385;Rebais;19 171;22 056;77;2288;400
94076;Villejuif;19 175;22 314;94;54753;8945
94004;Boissy-Saint-Léger;19 187;22 314;94;16345;2627
77183;La Ferté-sous-Jouarre;19 225;22 056;77;9619;1874
91657;Vigneux-sur-Seine;19 240;23 142;91;31574;7809
77482;Varennes-sur-Seine;19 269;22 056;77;3469;859
94002;Alfortville;19 278;22 314;94;43881;7656
94037;Gentilly;19 310;22 314;94;18605;2265
93050;Neuilly-sur-Marne;19 321;17 192;93;34993;5397
77079;Champagne-sur-Seine;19 348;22 056;77;6233;1206
77331;Nanteuil-sur-Marne;19 361;22 056;77;430;57
78123;Carrières-sous-Poissy;19 405;26 305;78;16212;3443
77519;Villiers-Saint-Georges;19 445;22 056;77;1231;400
77512;Villeneuve-sur-Bellot;19 523;22 056;77;1131;208
77301;Montceaux-lès-Provins;19 524;22 056;77;330;34
77207;Gironville;19 536;22 056;77;155;27
77134;Courchamp;19 560;22 056;77;150;43
95424;Montigny-lès-Cormeilles;19 567;21 296;95;21601;3305
78089;Bonnières-sur-Seine;19 577;26 305;78;4612;1192
77099;Château-Landon;19 640;22 056;77;2952;601
95052;Beaumont-sur-Oise;19 680;21 296;95;9576;1965
77072;Chalautre-la-Grande;19 703;22 056;77;703;70
77296;Moissy-Cramayel;19 721;22 056;77;17713;3821
93064;Rosny-sous-Bois;19 772;17 192;93;46207;6316
77258;Lognes;19 815;22 056;77;14000;2304
77057;Bussières;19 868;22 056;77;524;63
77032;Beton-Bazoches;19 896;22 056;77;906;139
77218;Grisy-sur-Seine;19 920;22 056;77;109;13
77287;Meilleray;19 939;22 056;77;501;56
93073;Tremblay-en-France;19 955;17 192;93;36180;6953
77168;Égreville;19 955;22 056;77;2150;271
91016;Angerville;19 973;23 142;91;4270;773
77321;Mousseaux-lès-Bray;19 979;22 056;77;701;113
77445;Savigny-le-Temple;19 984;22 056;77;29984;5341
77396;Rupéreux;20 005;22 056;77;101;10
77208;Gouaix;20 076;22 056;77;1479;202
75120;Paris 20e Arrondissement;20 077;27 171;75;195814;20475
78401;Meulan-en-Yvelines;20 127;26 305;78;8990;1698
77368;Poigny;20 174;22 056;77;528;78
77402;Saint-Barthélemy;20 174;22 056;77;329;54
77093;La Chapelle-Moutils;20 183;22 056;77;443;51
77424;Saint-Martin-du-Boschet;20 207;22 056;77;287;34
77531;Voulx;20 243;22 056;77;1729;174
77117;Citry;20 244;22 056;77;917;102
75118;Paris 18e Arrondissement;20 247;27 171;75;195233;18974
94077;Villeneuve-le-Roi;20 262;22 314;94;21384;3199
77231;Isles-les-Meldeuses;20 290;22 056;77;806;130
77459;Sourdun;20 291;22 056;77;1484;400
91687;Viry-Châtillon;20 346;23 142;91;31093;5139
77159;Donnemarie-Dontilly;20 407;22 056;77;2832;427
77317;Mormant;20 421;22 056;77;4834;923
77467;La Tombe;20 429;22 056;77;224;16
91021;Arpajon;20 439;23 142;91;10378;2764
93051;Noisy-le-Grand;20 446;17 192;93;68183;11038
95212;Épiais-lès-Louvres;20 447;21 296;95;107;21
95612;Le Thillay;20 452;21 296;95;4557;595
77409;Saint-Germain-Laval;20 469;22 056;77;2762;463
77289;Melz-sur-Seine;20 477;22 056;77;352;64
93046;Livry-Gargan;20 480;17 192;93;44437;7655
77514;Villeparisis;20 495;22 056;77;26322;4554
95351;Louvres;20 497;21 296;95;10337;2185
93057;Les Pavillons-sous-Bois;20 505;17 192;93;23962;3321
77511;Villeneuve-sous-Dammartin;20 521;22 056;77;641;53
77027;Beaumont-du-Gâtinais;20 528;22 056;77;1180;146
77341;Noyen-sur-Seine;20 558;22 056;77;371;47
91027;Athis-Mons;20 560;23 142;91;34347;6341
77174;Everly;20 563;22 056;77;590;75
92025;Colombes;20 564;26 919;92;85177;14945
77109;Chenoise;20 585;22 056;77;1623;411
94021;Chevilly-Larue;20 623;22 314;94;19491;4196
78029;Aubergenville;20 637;26 305;78;11817;2880
95088;Bonneuil-en-France;20 644;21 296;95;1076;146
77030;Bellot;20 708;22 056;77;774;85
77397;Saâcy-sur-Marne;20 715;22 056;77;1813;258
77228;Hondevilliers;20 721;22 056;77;254;20
77113;Chevru;20 723;22 056;77;1105;135
77015;Baby;20 734;22 056;77;95;19
77404;Sainte-Colombe;20 742;22 056;77;1822;197
77148;Crouy-sur-Ourcq;20 748;22 056;77;1914;296
77033;Bezalles;20 765;22 056;77;241;39
77398;Sablonnières;20 768;22 056;77;721;107
77240;Jouy-sur-Morin;20 770;22 056;77;2096;283
77423;Saint-Martin-des-Champs;20 781;22 056;77;650;92
77492;Verdelot;20 791;22 056;77;690;78
95116;Bruyères-sur-Oise;20 834;21 296;95;4323;788
77522;Villiers-sur-Seine;20 846;22 056;77;300;35
94003;Arcueil;20 853;22 314;94;21501;2917
77238;Jouarre;20 863;22 056;77;4337;669
94044;Limeil-Brévannes;20 885;22 314;94;27228;4181
91200;Dourdan;20 889;23 142;91;10806;2488
77167;Égligny;20 895;22 056;77;331;55
93077;Villemomble;20 913;17 192;93;29964;5710
77294;Mitry-Mory;20 923;22 056;77;19931;3586
94079;Villiers-sur-Marne;20 968;22 314;94;28456;5470
77418;Saint-Loup-de-Naud;20 969;22 056;77;882;96
77347;Les Ormes-sur-Voulzie;20 980;22 056;77;858;120
78528;Rolleboise;20 989;26 305;78;391;47
78255;Freneuse;20 995;26 305;78;4411;712
77293;Misy-sur-Yonne;20 997;22 056;77;978;149
78168;Coignières;21 006;26 305;78;4394;947
77262;Louan-Villegruis-Fontaine;21 041;22 056;77;477;70
77291;Le Mesnil-Amelot;21 055;22 056;77;1014;89
77227;Hermé;21 058;22 056;77;642;60
77462;Thieux;21 058;22 056;77;913;119
77272;Maison-Rouge;21 088;22 056;77;879;103
77444;Sancy-lès-Provins;21 136;22 056;77;321;41
77275;Les Marêts;21 141;22 056;77;149;26
95094;Bouqueval;21 145;21 296;95;306;51
95604;Survilliers;21 156;21 296;95;4171;884
91511;Pussay;21 162;23 142;91;2200;380
77026;Beauchery-Saint-Martin;21 173;22 056;77;368;54
77223;Gurcy-le-Châtel;21 174;22 056;77;573;62
93032;Gagny;21 192;17 192;93;39358;6644
77242;Jutigny;21 235;22 056;77;551;42
77120;Cocherel;21 255;22 056;77;635;98
78005;Achères;21 258;26 305;78;21017;4667
77298;Mons-en-Montois;21 272;22 056;77;452;45
77025;Bazoches-lès-Bray;21 274;22 056;77;861;143
77507;Villenauxe-la-Petite;21 275;22 056;77;426;48
77083;Champs-sur-Marne;21 276;22 056;77;25041;4824
95555;Saint-Gratien;21 290;21 296;95;20682;3471
77261;Lorrez-le-Bocage-Préaux;21 294;22 056;77;1230;339
77265;Luzancy;21 295;22 056;77;1110;150
95488;Pierrelaye;21 313;21 296;95;8393;1769
77456;Soisy-Bouy;21 331;22 056;77;820;91
94043;Le Kremlin-Bicêtre;21 347;22 314;94;25334;3329
77151;Dagny;21 351;22 056;77;294;50
77206;Giremoutiers;21 353;22 056;77;172;35
95523;La Roche-Guyon;21 366;21 296;95;478;65
94019;Chennevières-sur-Marne;21 368;22 314;94;18321;3379
77509;Villeneuve-les-Bordes;21 373;22 056;77;612;69
77239;Jouy-le-Châtel;21 374;22 056;77;1527;272
77390;Roissy-en-Brie;21 392;22 056;77;22994;4233
77014;Avon;21 393;22 056;77;13886;2914
77279;Marolles-sur-Seine;21 393;22 056;77;1748;325
77391;Rouilly;21 399;22 056;77;486;76
95250;Fosses;21 418;21 296;95;9679;2380
77387;Remauville;21 427;22 056;77;459;74
91207;Égly;21 440;23 142;91;5865;1227
77055;Brou-sur-Chantereine;21 460;22 056;77;4382;897
77215;Gretz-Armainvilliers;21 464;22 056;77;8657;1454
77493;Verneuil-l'Étang;21 465;22 056;77;3237;733
77108;Chelles;21 468;22 056;77;54917;9372
77251;Lieusaint;21 469;22 056;77;13291;2593
77101;Châtenay-sur-Seine;21 547;22 056;77;1024;114
77489;Vaux-sur-Lunain;21 558;22 056;77;226;21
95355;Magny-en-Vexin;21 563;21 296;95;5653;1427
77490;Vendrest;21 574;22 056;77;730;95
95058;Bernes-sur-Oise;21 578;21 296;95;2708;838
95101;Bray-et-Lû;21 583;21 296;95;957;269
77414;Saint-Hilliers;21 603;22 056;77;473;64
77480;Valence-en-Brie;21 615;22 056;77;966;141
77500;Villebéon;21 628;22 056;77;479;135
77050;Bransles;21 628;22 056;77;568;73
77080;Champcenest;21 641;22 056;77;208;35
77061;Cannes-Écluse;21 646;22 056;77;2466;358
95252;Franconville;21 648;21 296;95;36762;7567
78531;Rosny-sur-Seine;21 648;26 305;78;6433;1671
77343;Ocquerre;21 657;22 056;77;429;62
91103;Brétigny-sur-Orge;21 678;23 142;91;26528;7381
77523;Villuis;21 681;22 056;77;265;34
77230;Ichy;21 683;22 056;77;166;27
91345;Longjumeau;21 687;23 142;91;21221;5030
77088;La Chapelle-la-Reine;21 702;22 056;77;2418;541
91248;La Forêt-Sainte-Croix;21 703;23 142;91;162;20
77066;Cerneux;21 719;22 056;77;323;34
77222;Guignes;21 739;22 056;77;4095;899
77076;Chalmaison;21 774;22 056;77;752;71
91161;Chilly-Mazarin;21 790;23 142;91;20181;2842
78310;Houdan;21 809;26 305;78;3640;884
77478;Ussy-sur-Marne;21 815;22 056;77;1067;173
77184;Flagy;21 823;22 056;77;649;128
93045;Les Lilas;21 835;17 192;93;23045;3459
77197;Frétoy;21 835;22 056;77;167;27
77143;Crégy-lès-Meaux;21 850;22 056;77;4749;1023
78586;Sartrouville;21 855;26 305;78;51967;13209
77211;Grandpuits-Bailly-Carrois;21 866;22 056;77;1028;125
77325;Mouy-sur-Seine;21 867;22 056;77;357;50
91570;Saint-Michel-sur-Orge;21 886;23 142;91;19758;4828
77116;Choisy-en-Brie;21 888;22 056;77;1349;193
77156;Darvault;21 890;22 056;77;875;179
77472;La Trétoire;21 898;22 056;77;493;75
78498;Poissy;21 929;26 305;78;37388;7506
91514;Quincy-sous-Sénart;21 929;23 142;91;9021;2486
77056;Burcy;21 937;22 056;77;154;30
77419;Saint-Mammès;21 942;22 056;77;3347;506
95582;Sannois;21 944;21 296;95;26662;5000
91549;Sainte-Geneviève-des-Bois;21 947;23 142;91;36207;9423
77256;Lizines;21 963;22 056;77;185;23
77210;La Grande-Paroisse;21 964;22 056;77;2786;522
78501;Porcheville;21 968;26 305;78;3203;514
77036;Boisdon;21 970;22 056;77;140;23
95219;Ermont;21 979;21 296;95;29108;6358
78413;Mondreville;21 983;26 305;78;406;66
78118;Buchelay;21 985;26 305;78;3133;705
95323;Jouy-le-Moutier;22 005;21 296;95;16035;5046
77513;Villenoy;22 007;22 056;77;4903;835
77129;Coulombs-en-Valois;22 010;22 056;77;571;87
77157;Dhuisy;22 017;22 056;77;300;60
77524;Vimpelles;22 025;22 056;77;521;55
77045;Bougligny;22 027;22 056;77;725;129
77086;La Chapelle-Gauthier;22 035;22 056;77;1454;374
77326;Nandy;22 039;22 056;77;6042;1441
77338;Noisy-Rudignon;22 045;22 056;77;610;119
77115;Chevry-en-Sereine;22 048;22 056;77;522;86
77446;Savins;22 074;22 056;77;606;71
77024;Bassevelle;22 077;22 056;77;364;52
77283;May-en-Multien;22 081;22 056;77;912;161
77246;Léchelle;22 087;22 056;77;596;195
94034;Fresnes;22 089;22 314;94;27802;4370
77247;Lescherolles;22 100;22 056;77;463;46
91390;Méréville;22 112;23 142;91;3347;831
77421;Saint-Mars-Vieux-Maisons;22 127;22 056;77;283;43
77233;Iverny;22 158;22 056;77;588;84
77465;Thoury-Férottes;22 163;22 056;77;673;109
77097;Chartronges;22 166;22 056;77;296;38
77371;Pommeuse;22 173;22 056;77;2925;488
77035;Blennes;22 181;22 056;77;559;78
95218;Éragny;22 185;21 296;95;17354;3603
77192;Fontenay-Trésigny;22 211;22 056;77;5574;1106
77470;Tournan-en-Brie;22 222;22 056;77;8718;1783
77432;Saint-Rémy-la-Vanne;22 233;22 056;77;983;147
94073;Thiais;22 235;22 314;94;29017;5814
77002;Amillis;22 242;22 056;77;825;135
95539;Saint-Brice-sous-Forêt;22 251;21 296;95;14883;2317
77373;Pontault-Combault;22 252;22 056;77;37747;6397
91137;Champmotteux;22 253;23 142;91;368;69
91377;Massy;22 254;23 142;91;50833;11276
94038;L'Haÿ-les-Roses;22 259;22 314;94;31204;6018
77431;Saint-Pierre-lès-Nemours;22 265;22 056;77;5483;1114
77405;Saint-Cyr-sur-Morin;22 266;22 056;77;1952;403
92046;Malakoff;22 279;26 919;92;30720;4970
77204;Germigny-sous-Coulombs;22 287;22 056;77;209;19
91552;Saint-Germain-lès-Arpajon;22 290;23 142;91;10707;2528
77320;Mouroux;22 296;22 056;77;5491;1073
77090;La Chapelle-Saint-Sulpice;22 296;22 056;77;243;40
77271;Maisoncelles-en-Gâtinais;22 308;22 056;77;133;25
77310;Montigny-le-Guesdier;22 308;22 056;77;301;47
77267;La Madeleine-sur-Loing;22 335;22 056;77;355;68
77220;Guercheville;22 354;22 056;77;269;58
91533;Saclas;22 357;23 142;91;1806;316
77355;Paroy;22 362;22 056;77;167;24
95462;Omerville;22 378;21 296;95;319;45
77429;Saint-Ouen-sur-Morin;22 381;22 056;77;536;96
77439;Salins;22 383;22 056;77;1102;139
77437;Saint-Soupplets;22 383;22 056;77;3243;708
91326;Juvisy-sur-Orge;22 393;23 142;91;16667;3218
77107;Chaumes-en-Brie;22 400;22 056;77;3242;923
77454;Sognolles-en-Montois;22 401;22 056;77;394;50
94001;Ablon-sur-Seine;22 406;22 314;94;5785;882
77311;Montigny-Lencoup;22 412;22 056;77;1386;214
77469;Touquin;22 412;22 056;77;1206;157
95154;Chennevières-lès-Louvres;22 413;21 296;95;306;66
77106;Chauffry;22 425;22 056;77;1022;180
78314;Issou;22 438;26 305;78;4100;1470
95429;Montreuil-sur-Epte;22 439;21 296;95;417;41
77046;Boulancourt;22 460;22 056;77;347;78
93074;Vaujours;22 462;17 192;93;7030;1394
77042;Boissy-le-Châtel;22 464;22 056;77;3151;583
77403;Saint-Brice;22 466;22 056;77;781;202
95012;Amenucourt;22 476;21 296;95;210;45
77282;Mauregard;22 487;22 056;77;353;71
94016;Cachan;22 488;22 314;94;31069;5018
77417;Saint-Léger;22 493;22 056;77;261;30
77354;Pamfou;22 502;22 056;77;942;211
77530;Voulton;22 507;22 056;77;317;56
77021;Barbey;22 511;22 056;77;148;28
77440;Sammeron;22 517;22 056;77;1125;232
77164;Échouboulains;22 517;22 056;77;557;210
77023;Barcy;22 528;22 056;77;304;66
77147;La Croix-en-Brie;22 532;22 056;77;671;83
77245;Laval-en-Brie;22 539;22 056;77;448;62
95527;Roissy-en-France;22 544;21 296;95;2883;587
77367;Le Plessis-Placy;22 561;22 056;77;268;52
77243;Lagny-sur-Marne;22 563;22 056;77;21356;4586
95142;Chars;22 565;21 296;95;2110;487
94033;Fontenay-sous-Bois;22 567;22 314;94;52939;9547
95637;Vauréal;22 574;21 296;95;16464;4573
77314;Montolivet;22 581;22 056;77;238;32
91414;Monnerville;22 591;23 142;91;382;46
91393;Mérobert;22 592;23 142;91;614;99
77176;Faremoutiers;22 593;22 056;77;2822;738
77449;Serris;22 603;22 056;77;9040;1687
77319;Mortery;22 611;22 056;77;149;22
77393;Rozay-en-Brie;22 611;22 056;77;2826;855
77280;Mary-sur-Marne;22 631;22 056;77;1159;125
77388;Reuil-en-Brie;22 638;22 056;77;834;142
78391;Méricourt;22 646;26 305;78;422;112
95197;Deuil-la-Barre;22 651;21 296;95;22306;3973
77202;La Genevraye;22 676;22 056;77;784;153
77070;Chailly-en-Brie;22 678;22 056;77;1394;217
77241;Juilly;22 686;22 056;77;1963;424
77411;Saint-Germain-sous-Doue;22 689;22 056;77;537;77
91399;Mespuits;22 702;23 142;91;211;31
77012;Augers-en-Brie;22 709;22 056;77;300;59
95651;Vétheuil;22 711;21 296;95;857;141
77011;Aufferville;22 722;22 056;77;514;111
77098;Châteaubleau;22 745;22 056;77;361;36
78009;Allainville;22 746;26 305;78;306;43
77263;Luisetaines;22 756;22 056;77;243;27
95229;Ézanville;22 773;21 296;95;9775;1817
91547;Saint-Escobille;22 773;23 142;91;562;59
77071;Chaintreaux;22 783;22 056;77;909;221
77163;Douy-la-Ramée;22 797;22 056;77;325;67
91421;Montgeron;22 811;23 142;91;23775;4690
94060;La Queue-en-Brie;22 821;22 314;94;11931;2361
77162;Doue;22 827;22 056;77;1019;174
91136;Champlan;22 851;23 142;91;2761;436
91434;Morsang-sur-Orge;22 855;23 142;91;20909;4880
78276;Gommecourt;22 887;26 305;78;674;105
91097;Boussy-Saint-Antoine;22 896;23 142;91;7552;2114
77436;Saint-Siméon;22 896;22 056;77;896;131
77078;Chamigny;22 905;22 056;77;1356;276
77332;Nantouillet;22 923;22 056;77;277;48
77364;Le Plessis-aux-Bois;22 930;22 056;77;280;43
77119;Clos-Fontaine;22 932;22 056;77;263;39
77053;Brie-Comte-Robert;22 935;22 056;77;17817;3733
91069;Boigneville;22 940;23 142;91;389;63
77415;Saint-Jean-les-Deux-Jumeaux;22 946;22 056;77;1272;259
91273;Gironville-sur-Essonne;22 950;23 142;91;763;167
77077;Chambry;22 952;22 056;77;979;181
77122;Combs-la-Ville;22 955;22 056;77;22383;4515
77201;Gastins;22 959;22 056;77;689;96
95205;Écouen;22 965;21 296;95;7188;1470
77236;Jaulnes;22 965;22 056;77;362;76
77173;Étrépilly;22 981;22 056;77;889;145
95011;Ambleville;22 991;21 296;95;372;87
75113;Paris 13e Arrondissement;22 994;27 171;75;182099;22887
78490;Plaisir;23 005;26 305;78;31419;7278
78354;Magnanville;23 014;26 305;78;6030;1466
91613;Congerville-Thionville;23 015;23 142;91;221;42
91359;Maisse;23 017;23 142;91;2719;476
77225;La Haute-Maison;23 025;22 056;77;300;55
77330;Nanteuil-lès-Meaux;23 030;22 056;77;6160;1412
77250;Leudon-en-Brie;23 036;22 056;77;164;52
78478;Paray-Douaville;23 038;26 305;78;259;56
77135;Courpalay;23 043;22 056;77;1323;337
95607;Taverny;23 091;21 296;95;26441;5805
77259;Longperrier;23 092;22 056;77;2368;435
77043;Boitron;23 103;22 056;77;373;67
78267;Gargenville;23 107;26 305;78;7467;1552
77309;Monthyon;23 123;22 056;77;1707;335
77273;Marchémoret;23 151;22 056;77;564;98
77407;Saint-Fargeau-Ponthierry;23 157;22 056;77;14206;2827
77370;Poligny;23 163;22 056;77;798;156
77383;Rampillon;23 170;22 056;77;825;276
92019;Châtenay-Malabry;23 172;26 919;92;33286;6396
91067;Blandy;23 173;23 142;91;120;21
78297;Guyancourt;23 177;26 305;78;28633;7085
77474;Trilbardou;23 210;22 056;77;662;144
77384;Réau;23 213;22 056;77;1834;280
95150;Chaussy;23 214;21 296;95;591;162
77451;Signy-Signets;23 215;22 056;77;584;92
77102;Châtenoy;23 218;22 056;77;168;27
77395;Rumont;23 228;22 056;77;123;26
77448;Sept-Sorts;23 230;22 056;77;500;109
78337;Limetz-Villez;23 231;26 305;78;1942;340
77054;La Brosse-Montceaux;23 252;22 056;77;773;112
77019;Balloy;23 265;22 056;77;327;53
77127;Coubert;23 265;22 056;77;1934;269
95119;Buhy;23 265;21 296;95;325;60
91045;Ballancourt-sur-Essonne;23 272;23 142;91;7597;1638
77475;Trilport;23 274;22 056;77;5033;944
77483;Varreddes;23 285;22 056;77;2004;350
77416;Saint-Just-en-Brie;23 286;22 056;77;240;39
78082;Boissy-Mauvoisin;23 297;26 305;78;614;127
95177;Cormeilles-en-Vexin;23 304;21 296;95;1402;281
77123;Compans;23 320;22 056;77;808;146
92004;Asnières-sur-Seine;23 321;26 919;92;85191;17867
78320;Jeufosse;23 340;26 305;78;652;136
77464;Thorigny-sur-Marne;23 348;22 056;77;10154;2141
93049;Neuilly-Plaisance;23 358;17 192;93;21150;3867
78057;Bennecourt;23 362;26 305;78;1897;345
95199;Domont;23 362;21 296;95;15514;3193
77297;Mondreville;23 363;22 056;77;337;65
95309;Hodent;23 364;21 296;95;214;39
77110;Chenou;23 369;22 056;77;327;53
91659;Villabé;23 370;23 142;91;5438;1804
78165;Les Clayes-sous-Bois;23 371;26 305;78;17636;4466
77140;Coutençon;23 389;22 056;77;300;40
77380;Puisieux;23 389;22 056;77;319;62
78545;Saint-Cyr-l'École;23 393;26 305;78;18795;5011
95241;Fontenay-en-Parisis;23 395;21 296;95;1980;486
77433;Saints;23 420;22 056;77;2015;349
91495;Plessis-Saint-Benoist;23 427;23 142;91;330;50
77526;Vincy-Manoeuvre;23 447;22 056;77;289;52
77278;Marolles-en-Brie;23 452;22 056;77;401;63
77172;Esmans;23 470;22 056;77;899;106
77516;Ville-Saint-Jacques;23 478;22 056;77;814;178
95288;Groslay;23 489;21 296;95;8778;1531
77471;Tousson;23 494;22 056;77;391;74
95091;Bouffémont;23 509;21 296;95;6327;1506
77199;Fublaines;23 515;22 056;77;1366;198
78208;Élancourt;23 518;26 305;78;25400;6937
95598;Soisy-sous-Montmorency;23 540;21 296;95;18155;3277
77366;Le Plessis-l'Évêque;23 548;22 056;77;297;43
95566;Saint-Martin-du-Tertre;23 556;21 296;95;2778;622
95438;Moussy;23 560;21 296;95;130;23
77302;Montcourt-Fromonville;23 570;22 056;77;1982;479
77434;Saint-Sauveur-lès-Bray;23 572;22 056;77;359;61
77081;Champdeuil;23 573;22 056;77;726;109
95388;Menucourt;23 589;21 296;95;5771;1885
77290;Méry-sur-Marne;23 589;22 056;77;670;134
77194;Forges;23 608;22 056;77;418;49
77274;Marcilly;23 611;22 056;77;473;85
77381;Quiers;23 614;22 056;77;668;80
77186;Fontainebleau;23 617;22 056;77;14886;4083
77100;Le Châtelet-en-Brie;23 617;22 056;77;4454;1217
77357;Pécy;23 627;22 056;77;863;132
77479;Vaires-sur-Marne;23 642;22 056;77;13327;3254
77216;Grez-sur-Loing;23 660;22 056;77;1414;318
95456;Noisy-sur-Oise;23 661;21 296;95;665;144
77515;Villeroy;23 676;22 056;77;721;119
77126;Congis-sur-Thérouanne;23 704;22 056;77;1768;316
77082;Champeaux;23 705;22 056;77;823;146
77169;Émerainville;23 710;22 056;77;7720;1326
78068;Blaru;23 711;26 305;78;889;136
91479;Paray-Vieille-Poste;23 725;23 142;91;7457;1759
77486;Vaudoy-en-Brie;23 730;22 056;77;902;130
77060;Buthiers;23 741;22 056;77;730;181
77360;Pézarches;23 769;22 056;77;392;81
77171;Esbly;23 771;22 056;77;6220;1535
77003;Amponville;23 772;22 056;77;351;82
95476;Osny;23 772;21 296;95;16910;4424
77058;Bussy-Saint-Georges;23 793;22 056;77;27379;5503
91589;Savigny-sur-Orge;23 800;23 142;91;36533;7829
91121;Buno-Bonnevaux;23 807;23 142;91;442;126
77212;Gravon;23 809;22 056;77;165;8
91232;La Ferté-Alais;23 810;23 142;91;3800;1027
91340;Lisses;23 812;23 142;91;7445;1733
94059;Le Plessis-Trévise;23 818;22 314;94;20130;3691
94046;Maisons-Alfort;23 819;22 314;94;55655;10210
91080;Boissy-le-Cutté;23 820;23 142;91;1319;228
91131;Chalou-Moulineux;23 827;23 142;91;431;67
77494;Vernou-la-Celle-sur-Seine;23 830;22 056;77;2673;499
78003;Ablis;23 847;26 305;78;3439;820
77318;Mortcerf;23 850;22 056;77;1445;208
77353;Paley;23 857;22 056;77;421;101
78472;Orsonville;23 860;26 305;78;334;50
77286;Meigneux;23 862;22 056;77;232;34
91175;Corbreuse;23 867;23 142;91;1741;360
77481;Vanvillé;23 871;22 056;77;183;27
77461;Thénisy;23 883;22 056;77;291;43
77345;Orly-sur-Morin;23 886;22 056;77;677;97
77401;Sainte-Aulde;23 891;22 056;77;680;122
77153;Dammartin-en-Goële;23 900;22 056;77;9920;2383
77178;Faÿ-lès-Nemours;23 909;22 056;77;487;90
78410;Moisson;23 920;26 305;78;977;226
77010;Aubepierre-Ozouer-le-Repos;23 926;22 056;77;917;135
78291;Guerville;23 928;26 305;78;2144;455
91201;Draveil;23 955;23 142;91;28833;7463
95394;Méry-sur-Oise;23 965;21 296;95;9892;2558
77121;Collégien;23 965;22 056;77;3400;700
77307;Montévrain;23 966;22 056;77;11563;2580
95008;Aincourt;23 970;21 296;95;916;101
95543;Saint-Cyr-en-Arthies;23 974;21 296;95;244;36
95134;Champagne-sur-Oise;23 977;21 296;95;5018;1440
78217;Épône;23 984;26 305;78;6503;1613
77460;Tancrou;23 987;22 056;77;357;75
77504;Villemaréchal;23 988;22 056;77;1110;160
77420;Saint-Mard;23 993;22 056;77;3857;1285
91405;Milly-la-Forêt;23 999;23 142;91;4609;1183
78237;Flins-Neuve-Église;24 000;26 305;78;156;32
95371;Marly-la-Ville;24 002;21 296;95;5677;1507
77150;Cuisy;24 011;22 056;77;441;69
77534;Yèbles;24 016;22 056;77;960;177
91022;Arrancourt;24 017;23 142;91;152;30
77505;Villemareuil;24 023;22 056;77;405;68
95270;Genainville;24 029;21 296;95;543;113
77506;Villemer;24 041;22 056;77;742;184
77073;Chalautre-la-Petite;24 045;22 056;77;572;77
78474;Orvilliers;24 052;26 305;78;876;197
78147;Chaufour-lès-Bonnières;24 052;26 305;78;471;194
95509;Puiseux-en-France;24 057;21 296;95;3523;751
78242;Fontenay-le-Fleury;24 058;26 305;78;13503;3617
77158;Diant;24 058;22 056;77;197;17
95370;Marines;24 067;21 296;95;3481;1258
91179;Le Coudray-Montceaux;24 069;23 142;91;4865;1233
95459;Nucourt;24 075;21 296;95;712;184
77495;Vert-Saint-Denis;24 081;22 056;77;7610;1764
77018;Bailly-Romainvilliers;24 086;22 056;77;7521;1734
95060;Bessancourt;24 086;21 296;95;7318;1687
77198;Fromont;24 093;22 056;77;239;50
77089;La Chapelle-Rablais;24 098;22 056;77;946;159
78202;Drocourt;24 105;26 305;78;562;136
95139;La Chapelle-en-Vexin;24 114;21 296;95;333;42
91432;Morangis;24 114;23 142;91;13729;2968
78172;Conflans-Sainte-Honorine;24 117;26 305;78;35846;7755
77406;Saint-Denis-lès-Rebais;24 119;22 056;77;975;150
91109;Brières-les-Scellés;24 149;23 142;91;1250;372
91191;Crosne;24 154;23 142;91;9231;2561
77361;Pierre-Levée;24 161;22 056;77;470;68
91284;Les Granges-le-Roi;24 166;23 142;91;1198;282
77154;Dammartin-sur-Tigeaux;24 168;22 056;77;1068;206
77191;Fontenailles;24 169;22 056;77;1066;178
95157;Chérence;24 170;21 296;95;138;25
78536;Sailly;24 175;26 305;78;378;75
78238;Flins-sur-Seine;24 176;26 305;78;2410;514
77316;Orvanne;24 183;22 056;77;12214;3108
91130;Chalo-Saint-Mars;24 190;23 142;91;1054;208
77084;Changis-sur-Marne;24 202;22 056;77;1261;280
78239;Follainville-Dennemont;24 204;26 305;78;2139;383
78324;Jouy-Mauvoisin;24 209;26 305;78;555;98
77473;Treuzy-Levelay;24 223;22 056;77;425;80
75110;Paris 10e Arrondissement;24 243;27 171;75;90372;13391
91540;Saint-Chéron;24 257;23 142;91;5072;1350
77443;Sancy;24 261;22 056;77;383;71
78668;La Villeneuve-en-Chevrie;24 293;26 305;78;640;148
78206;Ecquevilly;24 296;26 305;78;4259;1028
95641;Vémars;24 308;21 296;95;2471;668
77457;Solers;24 317;22 056;77;1211;263
91649;Vert-le-Petit;24 321;23 142;91;2790;959
77378;Pringy;24 324;22 056;77;2924;732
77349;Othis;24 333;22 056;77;6680;1639
91226;Étréchy;24 335;23 142;91;6541;1827
91047;Baulne;24 337;23 142;91;1315;290
77063;La Celle-sur-Morin;24 337;22 056;77;1313;208
77438;Saint-Thibault-des-Vignes;24 345;22 056;77;6447;1448
91425;Montlhéry;24 356;23 142;91;7593;2535
78071;Boinville-le-Gaillard;24 366;26 305;78;608;135
95183;Courdimanche;24 370;21 296;95;6681;2228
77142;Crécy-la-Chapelle;24 373;22 056;77;4531;1035
77130;Coulommes;24 380;22 056;77;430;104
77453;Sivry-Courtry;24 393;22 056;77;1214;238
77363;Le Pin;24 412;22 056;77;1467;748
95395;Le Mesnil-Aubry;24 414;21 296;95;921;182
77476;Trocy-en-Multien;24 428;22 056;77;239;38
78188;Cravent;24 435;26 305;78;438;114
91099;Boutigny-sur-Essonne;24 436;23 142;91;2998;534
77264;Lumigny-Nesles-Ormeaux;24 445;22 056;77;1527;215
78107;Bréval;24 454;26 305;78;1820;625
77335;Chauconin-Neufmontiers;24 469;22 056;77;3289;596
91339;Linas;24 470;23 142;91;6785;2180
77020;Bannost-Villegagnon;24 473;22 056;77;658;182
91105;Breuillet;24 474;23 142;91;8394;2196
78077;La Boissière-École;24 475;26 305;78;765;301
91468;Ormoy;24 477;23 142;91;2046;458
95203;Eaubonne;24 483;21 296;95;25097;5259
77224;Hautefeuille;24 489;22 056;77;255;300
91114;Brunoy;24 496;23 142;91;25669;6457
91001;Abbéville-la-Rivière;24 537;23 142;91;303;58
77344;Oissery;24 549;22 056;77;2276;499
95024;Arthies;24 551;21 296;95;278;69
78327;Juziers;24 553;26 305;78;3820;1023
77144;Crèvecoeur-en-Brie;24 560;22 056;77;406;87
77237;Jossigny;24 565;22 056;77;687;117
77365;Le Plessis-Feu-Aussoux;24 567;22 056;77;591;86
91573;Saint-Pierre-du-Perray;24 567;23 142;91;10835;2697
77155;Dampmart;24 574;22 056;77;3375;852
91035;Authon-la-Plaine;24 574;23 142;91;373;82
77044;Bombon;24 589;22 056;77;961;291
77252;Limoges-Fourches;24 592;22 056;77;490;135
95483;Le Perchay;24 593;21 296;95;541;90
77400;Saint-Augustin;24 593;22 056;77;1738;288
77111;Chessy;24 598;22 056;77;5633;1440
77428;Saint-Ouen-en-Brie;24 601;22 056;77;836;134
91639;Vayres-sur-Essonne;24 610;23 142;91;929;179
77525;Vinantes;24 612;22 056;77;379;74
78290;Guernes;24 625;26 305;78;1084;198
77508;Villeneuve-le-Comte;24 630;22 056;77;1850;422
78381;Maulette;24 630;26 305;78;972;286
77029;Beauvoir;24 632;22 056;77;205;37
77328;Nanteau-sur-Essonne;24 661;22 056;77;435;88
77244;Larchant;24 664;22 056;77;696;182
77501;Villecerf;24 665;22 056;77;719;119
77235;Jaignes;24 665;22 056;77;308;45
91247;La Forêt-le-Roi;24 674;23 142;91;524;157
78192;Dammartin-en-Serve;24 678;26 305;78;1264;292
91037;Auvernaux;24 680;23 142;91;324;67
91374;Marolles-en-Beauce;24 681;23 142;91;233;52
77358;Penchard;24 683;22 056;77;1083;184
77141;Coutevroult;24 692;22 056;77;1108;255
78407;Mittainville;24 694;26 305;78;607;215
77430;Saint-Pathus;24 705;22 056;77;6055;1240
91544;Saint-Cyr-la-Rivière;24 720;23 142;91;517;108
91294;Guillerval;24 727;23 142;91;819;170
77426;Saint-Méry;24 734;22 056;77;344;92
77372;Pomponne;24 737;22 056;77;4034;741
95170;Condécourt;24 744;21 296;95;556;108
77315;Montry;24 749;22 056;77;3631;739
77253;Lissy;24 749;22 056;77;230;91
77369;Poincy;24 751;22 056;77;692;118
77329;Nanteau-sur-Lunain;24 751;22 056;77;695;94
77496;Vieux-Champagne;24 770;22 056;77;190;25
77006;Arbonne-la-Forêt;24 770;22 056;77;995;206
77322;Moussy-le-Neuf;24 774;22 056;77;3054;1076
77085;Chanteloup-en-Brie;24 779;22 056;77;3953;719
91293;Guigneville-sur-Essonne;24 781;23 142;91;930;316
77112;Chevrainvilliers;24 784;22 056;77;242;53
77068;Cessoy-en-Montois;24 792;22 056;77;214;28
78437;Mousseaux-sur-Seine;24 809;26 305;78;682;170
78451;Nézel;24 818;26 305;78;1042;269
77300;Montceaux-lès-Meaux;24 849;22 056;77;594;123
77118;Claye-Souilly;24 853;22 056;77;12486;2803
77323;Moussy-le-Vieux;24 857;22 056;77;1428;287
77382;Quincy-Voisins;24 860;22 056;77;5435;1206
78402;Mézières-sur-Seine;24 862;26 305;78;3676;822
77336;Neufmoutiers-en-Brie;24 865;22 056;77;1091;242
77527;Voinsles;24 879;22 056;77;596;101
77007;Argentières;24 879;22 056;77;376;56
77484;Vaucourtois;24 879;22 056;77;256;60
77229;La Houssaye-en-Brie;24 882;22 056;77;1629;307
77376;Précy-sur-Marne;24 885;22 056;77;803;160
77350;Ozoir-la-Ferrière;24 892;22 056;77;20331;4651
78344;Lommoye;24 924;26 305;78;671;149
95353;Maffliers;24 928;21 296;95;1843;522
77413;Saint-Germain-sur-Morin;24 933;22 056;77;3664;981
77052;Bréau;24 936;22 056;77;327;67
78517;Rambouillet;24 938;26 305;78;26736;8967
91629;Valpuiseaux;24 939;23 142;91;612;102
95652;Viarmes;24 955;21 296;95;5175;1509
95306;Herblay;24 956;21 296;95;29342;6819
77013;Aulnoy;24 957;22 056;77;356;67
77277;Marles-en-Brie;24 964;22 056;77;1679;366
78484;Perdreauville;24 982;26 305;78;632;139
77487;Vaux-le-Pénil;24 994;22 056;77;11062;2746
77234;Jablines;24 999;22 056;77;686;166
95592;Seraincourt;25 005;21 296;95;1299;390
77340;Nonville;25 006;22 056;77;618;99
77281;Mauperthuis;25 014;22 056;77;483;96
77521;Villiers-sur-Morin;25 025;22 056;77;1926;373
78502;Le Port-Marly;25 055;26 305;78;5532;1052
77276;Mareuil-lès-Meaux;25 071;22 056;77;3108;555
77455;Soignolles-en-Brie;25 082;22 056;77;1957;456
78591;Septeuil;25 084;26 305;78;2348;362
92032;Fontenay-aux-Roses;25 084;26 919;92;24564;4218
77313;Montmachoux;25 085;22 056;77;246;38
94071;Sucy-en-Brie;25 087;22 314;94;26472;7330
77138;Courtomer;25 091;22 056;77;532;90
77266;Machault;25 092;22 056;77;783;206
77047;Bouleurs;25 101;22 056;77;1645;330
78383;Maurepas;25 117;26 305;78;18281;4860
91081;Boissy-le-Sec;25 120;23 142;91;683;208
77377;Presles-en-Brie;25 122;22 056;77;2312;585
95493;Le Plessis-Luzarches;25 126;21 296;95;136;33
77392;Rouvres;25 127;22 056;77;899;250
77139;Courtry;25 128;22 056;77;6492;1598
94042;Joinville-le-Pont;25 131;22 314;94;19133;4249
77069;Chailly-en-Bière;25 143;22 056;77;2037;452
78299;Hardricourt;25 144;26 305;78;2289;502
91244;Fontenay-le-Vicomte;25 146;23 142;91;1540;513
77410;Saint-Germain-Laxis;25 149;22 056;77;743;117
77094;Charmentray;25 150;22 056;77;289;66
91315;Itteville;25 181;23 142;91;6585;1660
95447;Neuilly-en-Vexin;25 183;21 296;95;208;50
91129;Cerny;25 187;23 142;91;3336;702
77062;Carnetin;25 198;22 056;77;454;95
77520;Villiers-sous-Grez;25 199;22 056;77;681;174
77161;Dormelles;25 200;22 056;77;806;175
91599;Soisy-sur-École;25 201;23 142;91;1269;239
78090;Bouafle;25 222;26 305;78;2156;430
91665;La Ville-du-Bois;25 229;23 142;91;7753;2129
95056;Belloy-en-France;25 237;21 296;95;2189;548
77067;Cesson;25 243;22 056;77;10418;2691
78385;Ménerville;25 246;26 305;78;210;62
77145;Crisenoy;25 250;22 056;77;659;111
95046;Banthelu;25 264;21 296;95;154;26
95656;Vienne-en-Arthies;25 266;21 296;95;416;70
91100;Bouville;25 278;23 142;91;648;269
78643;Vernouillet;25 279;26 305;78;10048;2670
91106;Breux-Jouy;25 306;23 142;91;1245;233
77114;Chevry-Cossigny;25 310;22 056;77;3952;998
93015;Coubron;25 313;17 192;93;4833;1162
91691;Yerres;25 315;23 142;91;29029;6034
91098;Boutervilliers;25 322;23 142;91;425;128
91135;Champcueil;25 331;23 142;91;2867;772
78073;Bois-d'Arcy;25 339;26 305;78;15142;3106
78530;Rosay;25 349;26 305;78;368;71
95682;Villiers-le-Sec;25 350;21 296;95;185;46
91525;Roinville;25 361;23 142;91;1393;439
78346;Longnes;25 373;26 305;78;1448;267
91086;Bondoufle;25 395;23 142;91;9538;2949
91085;Boissy-sous-Saint-Yon;25 398;23 142;91;3868;1019
77352;Ozouer-le-Voulgis;25 399;22 056;77;1904;440
94069;Saint-Maurice;25 411;22 314;94;14056;2113
95409;Moisselles;25 417;21 296;95;1347;195
77517;Villevaudé;25 427;22 056;77;2122;388
91463;Oncy-sur-École;25 439;23 142;91;1038;254
91159;Chevannes;25 465;23 142;91;1621;305
77165;Les Écrennes;25 470;22 056;77;604;132
91195;Dannemois;25 498;23 142;91;822;232
77190;Fontains;25 504;22 056;77;247;33
77412;Saint-Germain-sur-École;25 504;22 056;77;366;66
95331;Lassy;25 508;21 296;95;176;50
95392;Mériel;25 516;21 296;95;5083;1355
77312;Montigny-sur-Loing;25 518;22 056;77;2701;644
77128;Couilly-Pont-aux-Dames;25 518;22 056;77;2154;420
77427;Saint-Mesmes;25 520;22 056;77;613;123
92062;Puteaux;25 551;26 919;92;44645;9171
91617;Tigery;25 570;23 142;91;4017;1060
95510;Puiseux-Pontoise;25 571;21 296;95;603;90
91507;Prunay-sur-Essonne;25 576;23 142;91;295;47
91333;Leuville-sur-Orge;25 577;23 142;91;4471;1168
95166;Cléry-en-Vexin;25 583;21 296;95;459;165
77269;Maincy;25 585;22 056;77;1732;345
91132;Chamarande;25 598;23 142;91;1147;273
91433;Morigny-Champigny;25 608;23 142;91;4346;1063
77254;Liverdy-en-Brie;25 609;22 056;77;1316;235
77374;Pontcarré;25 612;22 056;77;2251;425
75111;Paris 11e Arrondissement;25 620;27 171;75;146643;17231
77348;Ormesson;25 621;22 056;77;243;60
95256;Frépillon;25 623;21 296;95;3337;952
78076;Boissets;25 627;26 305;78;266;55
91095;Bouray-sur-Juine;25 652;23 142;91;2184;538
91408;Moigny-sur-École;25 655;23 142;91;1253;370
77498;Vignely;25 657;22 056;77;309;78
77031;Bernay-Vilbert;25 658;22 056;77;827;180
78564;Saint-Martin-de-Bréthencourt;25 659;26 305;78;642;136
78567;Saint-Martin-la-Garenne;25 662;26 305;78;975;151
77295;Moisenay;25 666;22 056;77;1380;378
78608;Le Tertre-Saint-Denis;25 666;26 305;78;124;28
91376;Marolles-en-Hurepoix;25 683;23 142;91;5388;1534
77306;Montereau-sur-le-Jard;25 702;22 056;77;516;88
95176;Cormeilles-en-Parisis;25 727;21 296;95;24161;5455
95120;Butry-sur-Oise;25 728;21 296;95;2272;800
91508;Puiselet-le-Marais;25 740;23 142;91;266;56
95436;Mours;25 741;21 296;95;1609;350
92023;Clamart;25 750;26 919;92;52971;12694
91519;Richarville;25 752;23 142;91;397;74
91560;Saint-Jean-de-Beauregard;25 753;23 142;91;441;120
77177;Favières;25 760;22 056;77;1109;207
91587;Saulx-les-Chartreux;25 765;23 142;91;5886;1683
77270;Maisoncelles-en-Brie;25 767;22 056;77;900;186
91198;D'Huison-Longueville;25 774;23 142;91;1508;288
77095;Charny;25 778;22 056;77;1313;415
95352;Luzarches;25 781;21 296;95;4551;1378
91469;Ormoy-la-Rivière;25 786;23 142;91;921;226
95028;Attainville;25 789;21 296;95;1702;404
91017;Angervilliers;25 804;23 142;91;1673;381
78558;Saint-Illiers-la-Ville;25 809;26 305;78;395;78
95039;Auvers-sur-Oise;25 812;21 296;95;6908;2115
95676;Villers-en-Arthies;25 816;21 296;95;503;132
95055;Bellefontaine;25 828;21 296;95;485;105
95301;Haute-Isle;25 831;21 296;95;278;43
77477;Ury;25 855;22 056;77;847;175
95026;Asnières-sur-Oise;25 870;21 296;95;2650;774
77048;Bourron-Marlotte;25 891;22 056;77;2772;820
91240;Fontaine-la-Rivière;25 898;23 142;91;212;55
91648;Vert-le-Grand;25 902;23 142;91;2322;887
95313;L'Isle-Adam;25 911;21 296;95;12057;3107
91461;Ollainville;25 915;23 142;91;4722;1478
95625;Us;25 916;21 296;95;1322;288
95169;Commeny;25 946;21 296;95;483;133
94075;Villecresnes;25 951;22 314;94;10458;3056
91473;Orveau;25 964;23 142;91;193;25
95529;Ronquerolles;25 968;21 296;95;872;179
77034;Blandy;25 974;22 056;77;739;136
95149;Chaumontel;25 983;21 296;95;3261;953
78444;Neauphlette;25 985;26 305;78;826;170
77219;Guérard;25 986;22 056;77;2480;454
95489;Piscop;25 989;21 296;95;676;168
77529;Voulangis;25 993;22 056;77;1522;355
78113;Brueil-en-Vexin;25 997;26 305;78;691;147
77075;Chalifert;26 026;22 056;77;1266;309
91330;Lardy;26 030;23 142;91;5526;1502
78640;Vélizy-Villacoublay;26 041;26 305;78;22036;6502
78070;Boinville-en-Mantois;26 042;26 305;78;292;44
91112;Brouy;26 052;23 142;91;133;35
78281;Goussonville;26 056;26 305;78;622;118
92049;Montrouge;26 066;26 919;92;50260;9022
78283;Grandchamp;26 067;26 305;78;325;55
91386;Mennecy;26 075;23 142;91;14319;3927
94053;Noiseau;26 079;22 314;94;4651;1004
77528;Voisenon;26 091;22 056;77;1133;603
95428;Montmorency;26 100;21 296;95;21461;4582
95328;Labbeville;26 105;21 296;95;626;96
78356;Magny-les-Hameaux;26 111;26 305;78;9327;2882
91412;Mondeville;26 115;23 142;91;727;228
91041;Avrainville;26 122;23 142;91;985;209
77255;Livry-sur-Seine;26 125;22 056;77;2076;403
91577;Saintry-sur-Seine;26 127;23 142;91;5720;1711
78104;Breuil-Bois-Robert;26 139;26 305;78;735;201
77292;Messy;26 141;22 056;77;1161;205
77463;Thomery;26 145;22 056;77;3467;847
77232;Isles-lès-Villenoy;26 155;22 056;77;1014;223
91689;Wissous;26 190;23 142;91;7470;1944
94055;Ormesson-sur-Marne;26 192;22 314;94;10305;2368
91556;Saint-Hilaire;26 202;23 142;91;408;64
95563;Saint-Leu-la-Forêt;26 206;21 296;95;15798;3820
77359;Perthes;26 218;22 056;77;1995;745
95430;Montsoult;26 234;21 296;95;3482;1154
91216;Épinay-sur-Orge;26 244;23 142;91;11270;2461
95051;Beauchamp;26 250;21 296;95;8683;2231
78382;Maurecourt;26 252;26 305;78;4358;1234
77195;Fouju;26 261;22 056;77;575;105
95480;Parmain;26 277;21 296;95;5549;1373
77133;Courcelles-en-Bassée;26 282;22 056;77;206;29
78642;Verneuil-sur-Seine;26 288;26 305;78;15577;5206
77125;Condé-Sainte-Libiaire;26 293;22 056;77;1417;291
95308;Hérouville;26 297;21 296;95;605;164
77268;Magny-le-Hongre;26 300;22 056;77;8645;1981
77205;Gesvres-le-Chapitre;26 304;22 056;77;151;25
78609;Tessancourt-sur-Aubette;26 306;26 305;78;1024;212
91671;Villeneuve-sur-Auvers;26 318;23 142;91;617;161
91115;Bruyères-le-Châtel;26 321;23 142;91;3302;1291
91477;Palaiseau;26 344;23 142;91;35514;9929
95554;Saint-Gervais;26 347;21 296;95;920;165
77196;Fresnes-sur-Marne;26 348;22 056;77;931;202
95675;Villeron;26 350;21 296;95;1001;303
77181;Ferrières-en-Brie;26 354;22 056;77;3433;799
91685;Villiers-sur-Orge;26 372;23 142;91;4548;1235
78486;Le Perray-en-Yvelines;26 374;26 305;78;6724;2623
91079;Boissy-la-Rivière;26 386;23 142;91;526;109
78597;Soindres;26 411;26 305;78;678;138
95054;Le Bellay-en-Vexin;26 428;21 296;95;234;43
77510;Villeneuve-Saint-Denis;26 468;22 056;77;924;224
91457;La Norville;26 470;23 142;91;4097;1712
91634;Vaugrigneuse;26 473;23 142;91;1287;438
75112;Paris 12e Arrondissement;26 478;27 171;75;140296;20559
77091;Les Chapelles-Bourbon;26 479;22 056;77;470;148
78505;Prunay-le-Temple;26 481;26 305;78;419;99
94056;Périgny;26 509;22 314;94;2668;597
78618;Tilly;26 510;26 305;78;529;85
78638;Vaux-sur-Seine;26 513;26 305;78;4927;1625
78230;La Falaise;26 515;26 305;78;586;149
78588;Saulx-Marchais;26 518;26 305;78;937;400
91243;Fontenay-lès-Briis;26 526;23 142;91;2149;662
77466;Tigeaux;26 531;22 056;77;381;59
91204;Écharcon;26 539;23 142;91;786;141
77217;Grisy-Suisnes;26 545;22 056;77;2451;687
77442;Samoreau;26 552;22 056;77;2308;556
78559;Saint-Illiers-le-Bois;26 553;26 305;78;427;119
78557;Saint-Hilarion;26 559;26 305;78;920;237
78624;Triel-sur-Seine;26 566;26 305;78;11892;3812
78220;Les Essarts-le-Roi;26 572;26 305;78;6708;2594
78605;Tacoignières;26 588;26 305;78;1034;252
91156;Cheptainville;26 589;23 142;91;2055;480
78246;Fontenay-Saint-Père;26 602;26 305;78;982;186
77389;La Rochette;26 611;22 056;77;3412;1100
95271;Génicourt;26 613;21 296;95;528;125
95059;Berville;26 614;21 296;95;352;70
77049;Boutigny;26 616;22 056;77;862;199
78674;Villepreux;26 618;26 305;78;10947;3816
95660;Villaines-sous-Bois;26 623;21 296;95;776;214
95452;Nointel;26 634;21 296;95;816;206
78311;Houilles;26 649;26 305;78;32151;9003
77040;Boissise-le-Roi;26 655;22 056;77;3775;824
94018;Charenton-le-Pont;26 661;22 314;94;30374;5666
91184;Courdimanche-sur-Essonne;26 664;23 142;91;267;44
95535;Sagy;26 667;21 296;95;1114;310
78261;Gaillon-sur-Montcient;26 681;26 305;78;677;272
78615;Thiverval-Grignon;26 691;26 305;78;1058;428
77485;Le Vaudoué;26 693;22 056;77;739;232
78677;Villette;26 703;26 305;78;523;107
78317;Jambville;26 706;26 305;78;835;169
93062;Le Raincy;26 713;17 192;93;14648;3167
95491;Le Plessis-Bouchard;26 713;21 296;95;8408;2004
94047;Mandres-les-Roses;26 719;22 314;94;4755;1713
95594;Seugy;26 728;21 296;95;999;208
78513;La Queue-les-Yvelines;26 738;26 305;78;2180;766
95254;Frémécourt;26 746;21 296;95;572;138
77308;Montgé-en-Goële;26 747;22 056;77;772;130
91666;Villejust;26 760;23 142;91;2385;710
78403;Mézy-sur-Seine;26 773;26 305;78;2197;439
78647;Vert;26 773;26 305;78;831;165
78296;Guitrancourt;26 777;26 305;78;615;118
77193;Forfry;26 783;22 056;77;218;44
91579;Saint-Vrain;26 797;23 142;91;3059;682
95504;Presles;26 799;21 296;95;3904;1090
95303;Le Heaulme;26 817;21 296;95;211;43
75114;Paris 14e Arrondissement;26 821;27 171;75;135964;19643
77005;Annet-sur-Marne;26 823;22 056;77;3278;870
95658;Vigny;26 840;21 296;95;1089;440
95316;Jagny-sous-Bois;26 841;21 296;95;258;64
91038;Auvers-Saint-Georges;26 851;23 142;91;1283;300
78033;Aulnay-sur-Mauldre;26 890;26 305;78;1140;417
95365;Mareil-en-France;26 900;21 296;95;698;147
92020;Châtillon;26 911;26 919;92;37355;6476
77408;Saint-Fiacre;26 920;22 056;77;402;96
78537;Saint-Arnoult-en-Yvelines;26 927;26 305;78;6001;2057
92060;Le Plessis-Robinson;26 946;26 919;92;29100;6560
77188;Fontaine-le-Port;26 959;22 056;77;1001;288
77226;Héricy;26 972;22 056;77;2604;684
91593;Sermaise;26 973;23 142;91;1622;477
77179;Féricy;26 979;22 056;77;579;142
91494;Le Plessis-Pâté;26 991;23 142;91;4103;1490
78031;Auffreville-Brasseuil;26 996;26 305;78;650;159
91292;Guibeville;26 997;23 142;91;707;374
95002;Ableiges;27 017;21 296;95;1161;241
77041;Boissy-aux-Cailles;27 019;22 056;77;290;51
78285;Gressey;27 050;26 305;78;545;114
91318;Janville-sur-Juine;27 068;23 142;91;1962;491
78520;Richebourg;27 071;26 305;78;1452;379
78234;Flacourt;27 071;26 305;78;166;29
77087;La Chapelle-Iger;27 087;22 056;77;169;30
91363;Marcoussis;27 095;23 142;91;8139;2095
95110;Brignancourt;27 110;21 296;95;206;62
78416;Montalet-le-Bois;27 119;26 305;78;315;80
92075;Vanves;27 123;26 919;92;27729;5772
95282;Gouzangrez;27 131;21 296;95;165;17
95211;Ennery;27 132;21 296;95;2430;707
77004;Andrezel;27 151;22 056;77;284;102
91338;Limours;27 161;23 142;91;6625;2466
78417;Montchauvet;27 175;26 305;78;285;60
91441;Nainville-les-Roches;27 191;23 142;91;470;106
78562;Saint-Léger-en-Yvelines;27 202;26 305;78;1378;481
78329;Lainville-en-Vexin;27 205;26 305;78;788;188
78569;Sainte-Mesme;27 207;26 305;78;939;307
77103;Châtillon-la-Borde;27 208;22 056;77;216;66
77132;Coupvray;27 218;22 056;77;2864;804
78015;Andrésy;27 219;26 305;78;13324;4813
78171;Condé-sur-Vesgre;27 228;26 305;78;1205;366
77001;Achères-la-Forêt;27 229;22 056;77;1125;363
78325;Jumeauville;27 247;26 305;78;609;107
91546;Saint-Cyr-sous-Dourdan;27 251;23 142;91;978;202
95151;Chauvry;27 258;21 296;95;299;80
78601;Sonchamp;27 272;26 305;78;1641;518
91661;Villebon-sur-Yvette;27 284;23 142;91;10489;3102
78062;Beynes;27 289;26 305;78;7662;2232
77203;Germigny-l'Évêque;27 291;22 056;77;1306;364
78616;Thoiry;27 292;26 305;78;1415;372
78465;Orgerus;27 312;26 305;78;2370;802
78380;Maule;27 339;26 305;78;5854;1892
78072;Boinvilliers;27 342;26 305;78;291;51
91458;Nozay;27 345;23 142;91;4642;1580
78499;Ponthévrard;27 356;26 305;78;636;229
91111;Briis-sous-Forges;27 359;23 142;91;3408;1090
78681;Villiers-le-Mahieu;27 362;26 305;78;794;257
91347;Longpont-sur-Orge;27 367;23 142;91;6338;1554
77009;Arville;27 368;22 056;77;125;27
78020;Arnouville-lès-Mantes;27 369;26 305;78;938;202
91332;Leudeville;27 379;23 142;91;1463;480
91654;Videlles;27 384;23 142;91;600;143
78506;Prunay-en-Yvelines;27 389;26 305;78;870;200
95042;Baillet-en-France;27 422;21 296;95;1957;619
91180;Courances;27 437;23 142;91;342;100
95078;Boissy-l'Aillerie;27 441;21 296;95;1816;558
95348;Longuesse;27 443;21 296;95;542;108
95253;Frémainville;27 447;21 296;95;499;104
78470;Orphin;27 475;26 305;78;898;376
92009;Bois-Colombes;27 509;26 919;92;28239;6944
78460;Oinville-sur-Montcient;27 523;26 305;78;1076;216
91186;Courson-Monteloup;27 530;23 142;91;572;157
95023;Arronville;27 547;21 296;95;656;143
77533;Vulaines-sur-Seine;27 548;22 056;77;2722;930
77386;Recloses;27 555;22 056;77;635;177
91249;Forges-les-Bains;27 557;23 142;91;3851;1332
92048;Meudon;27 561;26 919;92;45352;10366
77450;Servon;27 567;22 056;77;3251;915
92073;Suresnes;27 574;26 919;92;48264;10708
91044;Ballainvilliers;27 635;23 142;91;4581;1596
95287;Grisy-les-Plâtres;27 677;21 296;95;696;218
95014;Andilly;27 679;21 296;95;2590;581
78265;Garancières;27 698;26 305;78;2348;542
91553;Saint-Germain-lès-Corbeil;27 727;23 142;91;7493;2035
94058;Le Perreux-sur-Marne;27 743;22 314;94;33879;7583
95628;Valmondois;27 755;21 296;95;1195;302
78516;Raizeux;27 775;26 305;78;952;355
91602;Souzy-la-Briche;27 823;23 142;91;428;102
78464;Orcemont;27 830;26 305;78;1004;263
78236;Flexanville;27 838;26 305;78;590;138
78307;Hermeray;27 878;26 305;78;956;303
77104;Châtres;27 890;22 056;77;678;149
93033;Gournay-sur-Marne;27 941;17 192;93;6869;2137
77065;Cély;27 975;22 056;77;1183;375
78262;Galluis;27 975;26 305;78;1212;375
78209;Émancé;28 022;26 305;78;880;240
91378;Mauchamps;28 039;23 142;91;275;68
78423;Montigny-le-Bretonneux;28 085;26 305;78;32929;8636
94065;Rungis;28 165;22 314;94;5611;1464
91482;Pecqueuse;28 166;23 142;91;549;142
77136;Courquetaine;28 185;22 056;77;195;59
95210;Enghien-les-Bains;28 198;21 296;95;11228;2294
78126;La Celle-Saint-Cloud;28 216;26 305;78;20966;6248
77175;Évry-Grégy-sur-Yerre;28 280;22 056;77;2866;825
95257;La Frette-sur-Seine;28 325;21 296;95;4686;1065
78087;Bonnelles;28 328;26 305;78;1963;962
78006;Adainville;28 329;26 305;78;731;154
78124;Carrières-sur-Seine;28 336;26 305;78;14967;4136
95213;Épiais-Rhus;28 345;21 296;95;615;131
95298;Haravilliers;28 352;21 296;95;550;127
91148;Chauffour-lès-Étréchy;28 360;23 142;91;134;35
78481;Le Pecq;28 373;26 305;78;16072;3921
78163;Civry-la-Forêt;28 399;26 305;78;335;62
78108;Les Bréviaires;28 411;26 305;78;1244;339
95040;Avernes;28 424;21 296;95;852;172
95584;Santeuil;28 432;21 296;95;672;181
91662;Villeconin;28 461;23 142;91;724;160
95445;Nerville-la-Forêt;28 473;21 296;95;663;155
94068;Saint-Maur-des-Fossés;28 482;22 314;94;74859;17883
92026;Courbevoie;28 489;26 919;92;81719;18439
77096;Chartrettes;28 493;22 056;77;2554;785
91667;Villemoisson-sur-Orge;28 499;23 142;91;6996;2771
92035;La Garenne-Colombes;28 506;26 919;92;29169;7189
95678;Villiers-Adam;28 511;21 296;95;859;212
78300;Hargeville;28 536;26 305;78;446;102
91630;Le Val-Saint-Germain;28 551;23 142;91;1475;451
95627;Vallangoujard;28 580;21 296;95;612;270
78263;Gambais;28 651;26 305;78;2463;698
78013;Andelu;28 657;26 305;78;476;125
92002;Antony;28 662;26 919;92;62570;14885
75102;Paris 2e Arrondissement;28 664;27 171;75;20900;3116
78475;Osmoy;28 685;26 305;78;364;102
77146;Croissy-Beaubourg;28 700;22 056;77;1987;568
95446;Nesles-la-Vallée;28 700;21 296;95;1843;413
78048;Bazainville;28 723;26 305;78;1454;419
91600;Soisy-sur-Seine;28 735;23 142;91;7154;2174
94015;Bry-sur-Marne;28 744;22 314;94;16624;3678
95181;Courcelles-sur-Viosne;28 757;21 296;95;268;58
95610;Théméricourt;28 829;21 296;95;297;81
95061;Béthemont-la-Forêt;28 836;21 296;95;414;133
78245;Fontenay-Mauvoisin;28 887;26 305;78;362;184
91319;Janvry;28 901;23 142;91;636;195
77249;Lésigny;28 988;22 056;77;7214;1962
77394;Rubelles;29 015;22 056;77;2355;913
77248;Lesches;29 101;22 056;77;743;166
95574;Saint-Prix;29 103;21 296;95;7158;2067
92022;Chaville;29 107;26 919;92;20520;5121
78551;Saint-Germain-en-Laye;29 108;26 305;78;44753;13244
95379;Maudétour-en-Vexin;29 132;21 296;95;189;37
95422;Montgeroult;29 150;21 296;95;369;63
78623;Le Tremblay-sur-Mauldre;29 176;26 305;78;930;143
95102;Bréançon;29 198;21 296;95;373;186
95369;Margency;29 213;21 296;95;2887;948
95341;Livilliers;29 234;21 296;95;385;98
95295;Guiry-en-Vexin;29 245;21 296;95;155;57
91275;Gometz-le-Châtel;29 264;23 142;91;2752;837
78084;Boissy-sans-Avoir;29 277;26 305;78;646;191
78053;Béhoust;29 284;26 305;78;460;118
91312;Igny;29 290;23 142;91;10052;3298
78269;Gazeran;29 297;26 305;78;1280;497
78227;Évecquemont;29 317;26 305;78;787;166
78302;La Hauteville;29 361;26 305;78;174;45
78364;Marcq;29 377;26 305;78;762;180
77039;Boissise-la-Bertrand;29 386;22 056;77;1150;252
75117;Paris 17e Arrondissement;29 396;27 171;75;167288;26977
77518;Villiers-en-Bière;29 432;22 056;77;211;56
91581;Saint-Yon;29 450;23 142;91;894;205
92040;Issy-les-Moulineaux;29 455;26 919;92;68451;13755
78372;Marly-le-Roi;29 470;26 305;78;16192;4262
77447;Seine-Port;29 506;22 056;77;1888;517
77441;Samois-sur-Seine;29 512;22 056;77;2053;563
78418;Montesson;29 602;26 305;78;15019;4633
92044;Levallois-Perret;29 642;26 919;92;64379;15445
78420;Montfort-l'Amaury;29 659;26 305;78;2940;1092
91631;Varennes-Jarcy;29 673;23 142;91;2310;721
77038;Boissettes;29 705;22 056;77;401;97
77124;Conches-sur-Gondoire;29 712;22 056;77;1746;431
94052;Nogent-sur-Marne;29 717;22 314;94;32851;8114
78231;Favrieux;29 721;26 305;78;143;28
95450;Neuville-sur-Oise;29 748;21 296;95;2048;355
77185;Fleury-en-Bière;29 790;22 056;77;656;118
94070;Santeny;29 798;22 314;94;3775;1142
92063;Rueil-Malmaison;30 013;26 919;92;78152;19920
95074;Boisemont;30 015;21 296;95;745;393
78442;Neauphle-le-Château;30 102;26 305;78;3373;793
78034;Auteuil;30 124;26 305;78;955;282
78646;Versailles;30 139;26 305;78;85862;25655
78092;Bougival;30 140;26 305;78;8699;2495
78194;Dannemarie;30 186;26 305;78;194;62
91578;Saint-Sulpice-de-Favières;30 190;23 142;91;294;54
75115;Paris 15e Arrondissement;30 203;27 171;75;233392;36288
77037;Bois-le-Roi;30 262;22 056;77;5876;2156
91274;Gometz-la-Ville;30 263;23 142;91;1483;406
94048;Marolles-en-Brie;30 299;22 314;94;4847;1419
75104;Paris 4e Arrondissement;30 299;27 171;75;28088;4041
92072;Sèvres;30 305;26 919;92;23507;6134
75103;Paris 3e Arrondissement;30 322;27 171;75;34115;4439
78120;Bullion;30 324;26 305;78;1914;620
78162;Choisel;30 376;26 305;78;556;150
95258;Frouville;30 455;21 296;95;358;81
78146;Chatou;30 459;26 305;78;30253;8445
91568;Saint-Maurice-Montcouronne;30 477;23 142;91;1564;578
78030;Auffargis;30 503;26 305;78;1982;922
78096;Bourdonné;30 517;26 305;78;496;128
91619;Torfou;30 569;23 142;91;272;58
94080;Vincennes;30 584;22 314;94;49891;10357
91471;Orsay;30 598;23 142;91;16421;5269
78683;Villiers-Saint-Frédéric;30 670;26 305;78;2838;855
78160;Chevreuse;30 673;26 305;78;5678;2174
78349;Longvilliers;30 698;26 305;78;502;149
78321;Jouars-Pontchartrain;30 704;26 305;78;5658;1451
77425;Saint-Martin-en-Bière;30 705;22 056;77;751;210
77435;Saint-Sauveur-sur-École;30 709;22 056;77;1122;297
92012;Boulogne-Billancourt;30 713;26 919;92;120071;27218
78128;Cernay-la-Ville;30 781;26 305;78;1577;616
77209;Gouvernes;30 840;22 056;77;1176;325
92014;Bourg-la-Reine;30 845;26 919;92;20667;4528
78366;Mareil-le-Guyon;30 887;26 305;78;377;98
77180;Férolles-Attilly;30 897;22 056;77;1237;317
78158;Le Chesnay;30 923;26 305;78;31164;9439
78443;Neauphle-le-Vieux;30 929;26 305;78;936;197
78497;Poigny-la-Forêt;30 995;26 305;78;931;355
95690;Wy-dit-Joli-Village;31 030;21 296;95;333;55
78334;Lévis-Saint-Nom;31 036;26 305;78;1604;409
78278;Goupillières;31 134;26 305;78;511;155
78049;Bazemont;31 158;26 305;78;1582;725
95426;Montlignon;31 200;21 296;95;2978;786
78133;Chambourcy;31 426;26 305;78;5634;2295
77339;Noisy-sur-École;31 449;22 056;77;1832;611
78140;Chapet;31 515;26 305;78;1314;368
78397;Le Mesnil-Saint-Denis;31 534;26 305;78;6789;2440
77059;Bussy-Saint-Martin;31 559;22 056;77;676;161
94067;Saint-Mandé;31 642;22 314;94;22619;4060
91679;Villiers-le-Bâcle;31 649;23 142;91;1237;389
91122;Bures-sur-Yvette;31 652;23 142;91;9804;2800
78389;Méré;31 702;26 305;78;1677;494
77221;Guermantes;31 741;22 056;77;1147;361
78655;Vieille-Église-en-Yvelines;31 775;26 305;78;682;212
75101;Paris 1er Arrondissement;31 805;27 171;75;16266;2960
95304;Hédouville;31 865;21 296;95;282;70
91411;Les Molières;31 908;23 142;91;1914;582
78550;Saint-Germain-de-la-Grange;31 979;26 305;78;1869;470
78164;Clairefontaine-en-Yvelines;31 989;26 305;78;827;396
91225;Étiolles;32 000;23 142;91;3161;998
78522;Rochefort-en-Yvelines;32 033;26 305;78;906;271
78415;Montainville;32 083;26 305;78;506;121
78396;Le Mesnil-le-Roi;32 110;26 305;78;6292;2069
78404;Millemont;32 125;26 305;78;258;54
78653;Vicq;32 137;26 305;78;398;86
78036;Autouillet;32 164;26 305;78;509;137
75109;Paris 9e Arrondissement;32 167;27 171;75;59555;10048
78398;Les Mesnuls;32 183;26 305;78;857;274
77214;Gressy;32 223;22 056;77;840;209
78368;Mareil-sur-Mauldre;32 285;26 305;78;1706;603
78125;La Celle-les-Bordes;32 288;26 305;78;834;283
75105;Paris 5e Arrondissement;32 336;27 171;75;58850;8817
91064;Bièvres;32 344;23 142;91;4639;1483
91534;Saclay;32 359;23 142;91;4029;1300
78117;Buc;32 368;26 305;78;5821;2674
91435;Morsang-sur-Seine;32 442;23 142;91;526;152
77022;Barbizon;32 512;22 056;77;1135;354
78575;Saint-Rémy-lès-Chevreuse;32 667;26 305;78;7862;2440
78565;Saint-Martin-des-Champs;32 787;26 305;78;306;70
78185;Courgent;32 829;26 305;78;374;122
78686;Viroflay;32 885;26 305;78;16129;4825
78193;Dampierre-en-Yvelines;32 915;26 305;78;1037;399
91272;Gif-sur-Yvette;32 938;23 142;91;21379;7886
78620;Toussus-le-Noble;32 998;26 305;78;1170;507
78010;Les Alluets-le-Roi;33 123;26 305;78;1201;477
78143;Châteaufort;33 201;26 305;78;1394;597
78576;Saint-Rémy-l'Honoré;33 253;26 305;78;1568;463
78289;Grosrouvre;33 263;26 305;78;915;376
78688;Voisins-le-Bretonneux;33 357;26 305;78;11088;4298
91093;Boullay-les-Troux;33 364;23 142;91;643;223
92071;Sceaux;33 452;26 919;92;19344;5378
91645;Verrières-le-Buisson;33 476;23 142;91;15242;4426
92033;Garches;33 480;26 919;92;17869;6113
78358;Maisons-Laffitte;33 589;26 305;78;23669;7674
78590;Senlisse;33 651;26 305;78;491;212
78322;Jouy-en-Josas;33 795;26 305;78;8191;2820
78189;Crespières;33 812;26 305;78;1612;518
78050;Bazoches-sur-Guyonne;33 891;26 305;78;621;208
78561;Saint-Lambert;33 896;26 305;78;452;154
78431;Morainvilliers;33 925;26 305;78;2930;1228
95580;Saint-Witz;34 002;21 296;95;2383;971
78455;Noisy-le-Roi;34 719;26 305;78;7550;2716
78384;Médan;34 746;26 305;78;1375;434
78548;Saint-Forget;34 792;26 305;78;518;128
91635;Vauhallan;34 944;23 142;91;2059;532
78466;Orgeval;34 979;26 305;78;6263;2505
78350;Louveciennes;35 592;26 305;78;7099;2837
92077;Ville-d'Avray;35 669;26 919;92;11453;2993
78043;Bailly;35 879;26 305;78;3721;1247
92064;Saint-Cloud;36 395;26 919;92;29973;9481
91538;Saint-Aubin;36 522;23 142;91;703;262
78007;Aigremont;36 986;26 305;78;1084;436
78305;Herbeville;37 098;26 305;78;247;79
78233;Feucherolles;37 341;26 305;78;2874;1427
78190;Croissy-sur-Seine;37 530;26 305;78;9701;3431
78367;Mareil-Marly;37 540;26 305;78;3448;1410
78343;Les Loges-en-Josas;37 707;26 305;78;1564;642
78152;Chavenay;37 963;26 305;78;1815;706
78672;Villennes-sur-Seine;38 004;26 305;78;5282;2237
92076;Vaucresson;38 138;26 919;92;8667;3062
78518;Rennemoulin;38 553;26 305;78;107;37
75116;Paris 16e Arrondissement;38 679;27 171;75;166361;35568
78224;L'Étang-la-Ville;38 893;26 305;78;4437;1731
75106;Paris 6e Arrondissement;39 079;27 171;75;41100;9011
78650;Le Vésinet;39 094;26 305;78;15889;5755
78196;Davron;39 231;26 305;78;304;107
75108;Paris 8e Arrondissement;40 141;27 171;75;36808;8314
92047;Marnes-la-Coquette;40 802;26 919;92;1810;684
78406;Milon-la-Chapelle;41 516;26 305;78;289;78
75107;Paris 7e Arrondissement;41 676;27 171;75;51367;11919
78571;Saint-Nom-la-Bretèche;42 095;26 305;78;4911;2248
92051;Neuilly-sur-Seine;43 079;26 919;92;60361;16243
95141;Charmont;nan;21 296;95;36;9
95144;Châtenay-en-France;nan;21 296;95;74;16
95492;Le Plessis-Gassot;nan;21 296;95;71;19
95387;Menouville;nan;21 296;95;60;14
95611;Theuville;nan;21 296;95;45;8
95633;Vaudherland;nan;21 296;95;92;19
95214;Épinay-Champlâtreux;nan;21 296;95;68;8
77200;Garentreville;nan;22 056;77;114;26
77304;Montenils;nan;22 056;77;26;7
77342;Obsonville;nan;22 056;77;112;12
77356;Passy-sur-Seine;nan;22 056;77;47;9
77452;Sigy;nan;22 056;77;57;11
77532;Vulaines-lès-Provins;nan;22 056;77;64;16
91075;Bois-Herpin;nan;23 142;91;77;10
91145;Chatignonville;nan;23 142;91;64;9
91526;Roinvilliers;nan;23 142;91;107;17
78264;Gambaiseuil;nan;26 305;78;62;22
78606;Le Tartre-Gaudran;nan;26 305;78;35;19
78439;Mulcent;nan;26 305;78;110;23
